"alpha","n_selected","lambda_1se","CV_MSE"
0.1,122,0.108118075107661,3.46860955904097
0.25,113,0.0602089449333613,3.48440640439902
0.5,116,0.0275853161762918,3.47733199222761
0.75,97,0.0275853161762918,3.50924774015466
1,100,0.0186718109129192,3.49863134348259
