"n_covariates","R2_mean","R2_sd","RMSE_mean","RMSE_sd","MAE_mean","MAE_sd"
5,0.652919637320545,0.0145311461846732,2.45455880980975,0.0450587092848711,1.90431722772592,0.0319410480626615
10,0.708292230587504,0.0118781283362302,2.25035644378398,0.0431294198372075,1.72580753266228,0.0305138867024096
15,0.75232063187134,0.010649727107537,2.07356805490306,0.0434060395515055,1.55787020982689,0.0279081962703338
20,0.777860139440408,0.00926698336537578,1.96379940150846,0.0409868171405774,1.46561054033239,0.0276470595320744
25,0.784027285923851,0.00946977941419633,1.93627721797796,0.0411481254160798,1.44442047862292,0.0271905358013355
30,0.788332017926273,0.00932936078772198,1.91689884384732,0.0417336281831682,1.43236870804668,0.0276373193513289
157,0.799181083426457,0.0091775193885522,1.86705350869606,0.0399695151382918,1.4046006716686,0.0254956390917242
