"model","R2_mean","R2_sd","RMSE_mean","RMSE_sd","MAE_mean","MAE_sd","n_sel_mean"
"Lasso.1se",0.825147536987307,0.00783030546389683,1.74220875066537,0.0375897377540223,1.30543355680852,0.0225671860894474,162.68
"Lasso.min",0.826539436308954,0.00733369252956081,1.73526927738383,0.0334383592306381,1.30091243697762,0.02076042034501,244.8
