"Metric","Value"
"Residual SD",1.68577775968512
"Skewness",0.1528265428196
"Kurtosis",4.4886922014581
"Shapiro p (n=5000 sample)",1.62782836850409e-22
"Breusch-Pagan p",0.00117684192436534
