"model","R2_marginal","R2_conditional","ICC","sigma2_resid","sigma2_random","AIC","BIC"
"M_geo (1|region)",0.755802911568564,0.841770031249184,0.352039904459213,2.52208564969728,1.37026152886214,59890.8467279193,61378.172041761
"M_geo_nested (1|region/province)",0.768745916871422,0.853801665097183,0.367802146777534,2.36629135311468,1.37666876776064,59118.1137934291,60613.1057325999
"M_tax (1|GRINS_macroclass)",0.834904621878286,0.836491061964288,0.00960923378989351,2.82997321012799,0.0274577218639842,61603.4280017833,63090.753315625
"M_geo_plus_tax (1|region)+(1|macroclass)",0.749718663131452,0.84109210308556,0.365082914680527,2.51584689103681,1.44663411507898,59861.9919524854,61356.9838916561
