"model","R2_marginal","R2_conditional","ICC","sigma2_resid","sigma2_random","AIC","BIC"
"M_geo (1|region)",0.689939759054755,0.799967164390996,0.354858155953223,3.17662813240748,1.74729388833987,63200.5379927942,63415.2035020085
"M_geo_nested (1|region/province)",0.693211762182755,0.808194783766067,0.374796056072423,3.01472758686742,1.80726308697363,62580.5950419221,62802.9271764655
"M_tax (1|GRINS_macroclass)",0.786295067282154,0.786903866735593,0.00284878521846126,3.68475097889869,0.0105270534366214,65433.4794814832,65648.1449906975
"M_geo_plus_tax (1|region)+(1|macroclass)",0.683725000458798,0.799615393868705,0.366422871165983,3.16477651841484,1.83031622465661,63150.9803058778,63373.3124404212
