"model","R2_mean","R2_sd","RMSE_mean","RMSE_sd","MAE_mean","MAE_sd","n_folds"
"M_geo",0.811839877595669,0.00970107330744465,1.8075902265939,0.0361546594955015,1.36589016502341,0.0256289431193325,5
"M_geo_nested",0.818260727273691,0.0102779969548666,1.77628667182584,0.0360629692446874,1.34095990559324,0.0223525765980125,5
"M_geo_plus_tax",0.812336612014756,0.00964943330164682,1.80518332269112,0.0348517977106409,1.3644640150722,0.0246265362766679,5
"M_tax",0.784365887091148,0.01088114437826,1.93511081922122,0.0381963148940857,1.44746286995648,0.0330609064076937,5
