"test","statistic_I","expectation_I","variance_I","p_value"
"Monte Carlo (999 perm)",0.235117896449712,NA,NA,0.001
"Analytic",0.235117896449712,-0.00012685525815045,4.6186383517702e-05,7.54206237828402e-263
