"","Estimate","Std. Error","t value","Pr(>|t|)"
"(Intercept)",6.36323529411762,0.0540447536363082,117.740111037211,0
"GRINS_macroclass2 ITALIA DI MEZZO",-1.54704896703984,0.0598869043853561,-25.8328424706176,1.24020106777389e-145
"GRINS_macroclass3 ITALIA METROPOLITANA",-1.65284797017383,0.0995710044861999,-16.5996916341535,1.27891441834583e-61
"PeriodPre-COVID",0.308823529411753,0.0764308235675781,4.04056262901183,5.34492553788159e-05
"GRINS_macroclass2 ITALIA DI MEZZO:PeriodPre-COVID",0.0625739236713542,0.0846928723903145,0.738833409533884,0.460013653229736
"GRINS_macroclass3 ITALIA METROPOLITANA:PeriodPre-COVID",0.0336060480530103,0.1408146649635,0.238654461605411,0.811375079454916
